city,cityname,country,countryname,gdp,lat,long,kgclzone,kgclzone1,kgclzone2,region,oldpopprop,GDP,avgtmean,totalrange,E_GR_AV00,E_GR_AV14,B00,B15,coef,var,conv,mean_pm
brsb.aus8809,Brisbane,aus8809,Australia,20536.4,-27.4667,153.0333,Cfa,C,Cf,Australia,10.8,37519.85,20.3098440296599,16.15,0.43443982,0.419085079,296.188446,303.5982361,0.0271884319368041,0.000541157315194499,TRUE,6.16863796753172
mlbr.aus8809,Melbourne,aus8809,Australia,20536.4,-37.7833,144.9667,Cfb,C,Cf,Australia,12.22,37744.645,15.7187611863973,21.25,0.439155377,0.402524714,1092.088745,1141.572632,-0.00746147712227812,0.000109044020141151,TRUE,7.64489116517286
sydn.aus8809,Sydney,aus8809,Australia,20536.4,-33.8683,151.2086,Cfa,C,Cf,Australia,11.78,39964.66,18.3110905139351,16.75,0.436232586,0.428184456,896.1484985,921.5794678,0.0108532927895504,3.59974710982286e-05,TRUE,7.25072595281307
abbt.can8615,Abbotsford,can8615,Canada,22109.6,49.0546,-122.328,Cfb,C,Cf,North America,13.74,35381.3333333333,10.6325625228185,27.228,0.508232866,0.489243078,29.38661194,30.92357445,0.0559290026915609,0.000395456982442783,TRUE,5.78198728227113
clgr.can8615,Calgary,can8615,Canada,22109.6,51.0544,-114.0669,Dfc,D,Df,North America,9.3,57369.885,4.71865912202245,45.2784,0.383861424,0.380766119,270.0675659,303.4830627,3.89816754866117e-05,5.34424126120017e-05,TRUE,9.67095709318582
edmn.can8615,Edmonton,can8615,Canada,22109.6,53.5472,-113.5006,Dfb,D,Df,North America,11,57369.885,3.27653408779775,48.03,0.407012999,0.387360988,292.6842651,333.3640442,0.0111912489014582,2.96316363779766e-05,TRUE,9.83594529968075
hlfx.can8615,Halifax,can8615,Canada,22109.6,44.6479,-63.5744,Dfb,D,Df,North America,10.7,30070,7.06253372273433,37.13,0.469146919,0.458460783,47.60369492,51.12654114,0.0589582654636079,0.000800598161992732,TRUE,6.11160496691939
kngs.can8615,Kingston,can8615,Canada,22109.6,44.2314,-76.4847,Dfb,D,Df,North America,14.16,37342.6666666667,7.67118408323446,42.7964,0.472339508,0.467285821,29.25401878,31.38123131,0.0379327819774004,0.000266869409042019,TRUE,8.3848715707511
lndo.can8615,London Ontario,can8615,Canada,22109.6,43.0333,-81.15,Dfb,D,Df,North America,12.63,37342.6666666667,8.12347777676371,40.5632,0.487614081,0.523712446,99.20558167,106.0415726,0.0219855769484445,9.69506585775571e-05,TRUE,9.63257861634347
mntr.can8615,Montreal,can8615,Canada,22109.6,45.5081,-73.555,Dfb,D,Df,North America,13,34202.26,7.20805165647531,45.4844,0.428482297,0.455901792,709.8900757,774.961853,0.0128979236016051,1.16937195608535e-05,TRUE,10.7707129204745
oshw.can8615,Oshawa,can8615,Canada,22109.6,43.9,-78.85,Dfb,D,Df,North America,9.45,37342.6666666667,8.28940651747963,40.2808,0.493110084,0.512193376,82.96232605,93.15345001,0.00736140485846178,8.23206010284024e-05,TRUE,8.68503052196534
ottw.can8615,Ottawa,can8615,Canada,22109.6,45.4214,-75.6919,Dfb,D,Df,North America,11.31,39504.89,6.64011371725837,46.3744,0.490476876,0.508184952,178.6539307,188.7410736,0.0105445001330774,4.74180481358289e-05,TRUE,7.57676131791914
regn.can8615,Regina,can8615,Canada,22109.6,50.4553,-104.6097,Dfb,D,Df,North America,12.78,43880.3333333333,3.03489823856895,53.2944,0.38956832,0.379141251,59.18441391,65.4363327,0.0257424134997789,0.000440095096222272,TRUE,7.20521962664348
sarn.can8615,Sarnia,can8615,Canada,22109.6,42.9994,-82.3089,Dfb,D,Df,North America,15.2,37342.6666666667,8.62951752464403,40.248,0.444718294,0.460308935,60.84264374,61.77494812,0.00774165878748938,0.00012899993656027,TRUE,12.5508405941812
sjnf.can8615,St. John's NFL,can8615,Canada,22109.6,47.5649,-52.7097,Dfb,D,Df,North America,11.48,38856,5.47551783517835,33.119,0.496033602,0.503940512,24.89891434,26.27387238,0.015520700886753,0.000902195956905583,TRUE,5.18407638156889
slsm.can8615,Sault Ste. Marie,can8615,Canada,22109.6,46.5333,-84.35,Dfb,D,Df,North America,15.48,37342.6666666667,5.00523920781236,43.8244,0.446464135,0.460920957,38.08333969,39.3999939,0.0318226234951317,0.00028554272208968,TRUE,7.01615336737536
sskt.can8615,Saskatoon,can8615,Canada,22109.6,52.1311,-106.6353,Dfb,D,Df,North America,12.08,43880.3333333333,2.66869079127498,53.42,0.382765862,0.400953124,62.77919769,70.89661407,0.0025720578640132,0.000128684856411086,TRUE,6.6820007061761
thnb.can8615,Thunder Bay,can8615,Canada,22109.6,48.4066,-89.2467,Dfb,D,Df,North America,13.39,37342.6666666667,3.10248416537373,47.3888,0.429421645,0.454741443,28.93101692,29.40381622,-0.001037681214862,0.000453587035146745,TRUE,6.09316511660944
trnt.can8615,Toronto,can8615,Canada,22109.6,43.6481,-79.4042,Dfb,D,Df,North America,11.56,41179.93,8.7598215752487,39.66,0.432782319,0.45165131,1347.64856,1471.817383,0.0187126421768735,8.51360658771482e-06,TRUE,9.53609794343956
vctr.can8615,Victoria,can8615,Canada,22109.6,48.4328,-123.3347,Csb,C,Cs,North America,17.55,35381.3333333333,10.5416601259469,21.5144,0.497103741,0.512238314,65.73423004,67.56069946,0.00160868738400669,0.000220706459412704,TRUE,6.98616196731266
vncv.can8615,Vancouver,can8615,Canada,22109.6,49.2505,-123.1119,Cfb,C,Cf,North America,11.76,35381.3333333333,10.8434416354842,23.2152,0.449793664,0.432550071,413.0094299,438.4719849,0.019440206152856,6.79161245802643e-05,TRUE,6.14473780538977
wnnp.can8615,Winnipeg,can8615,Canada,22109.6,49.8833,-97.15,Dfb,D,Df,North America,13.94,34573.385,3.48376325636579,53.1476,0.410866323,0.423012936,190.3759308,205.4346771,0.0151913342797006,8.99481269949241e-05,TRUE,6.91999395060081
bjng.chi9615,Beijing,chi9615,China,1740.1,39.9167,116.3833,Dwa,D,Dw,East Asia,13.31,15756.3333333333,14.0563437139562,35.5,0.364165271,0.3340181,1320.619141,1382.28772,0.00101761155746869,4.02153633131154e-07,TRUE,82.6905478474835
gngz.chi9615,Guangzhou,chi9615,China,1740.1,23.1333,113.2667,Cwa,C,Cw,East Asia,8.91,9155,22.2641840087623,23.95,0.293445727,0.295037396,2469.502441,2771.371826,0.0100928407925065,8.01367263700602e-06,TRUE,45.5327435321441
shng.chi9615,Shanghai,chi9615,China,1740.1,31.2,121.5,Cfa,C,Cf,East Asia,15.98,16548,17.5096146322379,31.65875,0.349745384,0.350102679,1575.833008,2106.193359,0.00119820746913739,1.32662536860606e-06,TRUE,55.5442450871831
chll.chl0414,Chillan,chl0414,Chile,10217.3,-36.6063,-72.1023,Csb,C,Cs,South America,7.84,9236.66666666667,13.1747935169564,20.857155752182,0.381901939,0.331086245,16.10723305,17.03059959,0.00187654254273556,1.83667506623905e-05,TRUE,38.3150598291457
sntg.chl0414,Santiago,chl0414,Chile,10217.3,-33.447487,-70.673676,Csb,C,Cs,South America,6.59,18918.71,15.3968669274189,20.5960569741667,0.275664538,0.208760908,330.8521729,339.5336914,0.00513358664487126,5.3425981725987e-06,TRUE,27.7493829960474
temc.chl0414,Temuco,chl0414,Chile,10217.3,-38.7359,-72.5904,Cfb,C,Cf,South America,7.72,5387.66666666667,11.4946122459189,17.4327029800415,0.341547368,0.305737481,21.08769608,22.0602417,0.00316459875067077,2.10270950664196e-05,TRUE,44.3915451910299
vlpr.chl0414,Valparaiso,chl0414,Chile,10217.3,-33.0472,-71.6127,Csb,C,Cs,South America,8.92,14003.64,14.6730181430829,12.9575016021729,0.351202769,0.32499768,76.78843689,79.39241791,-0.0203590153645072,8.82903292413274e-05,TRUE,20.3533927958237
trtl.est9715,Tartu linn,est9715,Estonia,16586,58.37498,26.73256,Dfb,D,Df,North Europe,16.23,14095,6.73425565643464,38.524,0.461722081,0.452489391,10.66703701,10.99616432,-0.00275939077054001,0.000460525503942387,TRUE,9.61886722291771
hlsn.fnl9414,Helsinki,fnl9414,Finland,32816.2,60.16952,24.93545,Dfb,D,Df,North Europe,11.42,50028.305,6.22068047743175,38.6036,0.434963184,0.425890367,107.6240997,117.050827,-0.00271008190463687,7.93752547878486e-06,TRUE,16.7948828069849
brln.ger9315,Berlin,ger9315,Germany,35240,52.520008,13.404954,Cfb,C,Cf,Central Europe,14.56,34798.495,10.2340833333333,33.302,0.450092313,0.487585292,426.3743591,433.5294189,0.0006598017506361,5.07181265791725e-06,TRUE,18.6071227576504
brmn.ger9315,Bremen,ger9315,Germany,35240,53.073635,8.806422,Cfb,C,Cf,Central Europe,16.84,41232.015,9.76065476190476,29.9,0.416537672,0.441295438,77.26716614,79.70430756,-0.00248275246101752,2.99929524621107e-05,TRUE,14.8804950578242
drsd.ger9315,Dresden,ger9315,Germany,35240,51.050407,13.737262,Cfb,C,Cf,Central Europe,17.95,29908.78,9.62896428571429,33.301,0.443582732,0.496362129,96.00540161,97.80732727,-0.0126004270679993,3.29882091750405e-05,TRUE,15.9560355253212
drtm.ger9315,Dortmund,ger9315,Germany,35240,51.514244,7.468429,Cfb,C,Cf,Central Europe,17.95,33162.585,10.4612680252652,29.2,0.47692862,0.524211979,771.8004761,802.928833,0.00837301841223821,2.28526939407329e-05,TRUE,17.1864628820961
dssl.ger9315,Dusseldorf,ger9315,Germany,35240,51.22172,6.77616,Cfb,C,Cf,Central Europe,16.81,47428.715,10.9138928571429,29.1,0.451936639,0.46992426,131.4571533,136.396637,0.00366597042924414,2.90601851553484e-05,TRUE,15.5108571428571
frnk.ger9315,Frankfurt,ger9315,Germany,35240,50.110924,8.682127,Cfb,C,Cf,Central Europe,15.81,56750.4,11.0113571428571,31.1,0.435232053,0.443953609,161.4653931,166.484375,0.00162101759126642,3.19037065606648e-05,TRUE,16.1144239624825
hmbr.ger9315,Hamburg,ger9315,Germany,35240,53.551086,9.993682,Cfb,C,Cf,Central Europe,16.27,51715.15,9.64460714285714,29.501,0.466169319,0.499706597,293.7802429,301.4533691,0.00312252204116369,9.61379719321736e-06,TRUE,15.2218644151854
hnnv.ger9315,Hannover,ger9315,Germany,35240,52.37052,9.73322,Cfb,C,Cf,Central Europe,18.09,40693.75,9.92047619047619,30.9,0.46481736,0.490717824,136.8043671,140.2223969,0.00500761268457821,1.77532257032931e-05,TRUE,12.9992414463698
lpzg.ger9315,Leipzig,ger9315,Germany,35240,51.343479,12.387772,Cfb,C,Cf,Central Europe,17.8,28857.58,10.029622574116,32.402,0.429186861,0.473767807,76.47581482,77.8010788,0.00816609603617411,3.52471444361571e-05,TRUE,14.1536822603057
mnch.ger9315,Muenchen,ger9315,Germany,35240,48.13743,11.57549,Cfb,C,Cf,Central Europe,14.83,61871.38,10.0299285714286,32.3,0.484561706,0.497866718,201.0287781,207.6090851,0.00827658981200782,1.85748775518077e-05,TRUE,14.1194404671218
sttt.ger9315,Stuttgart,ger9315,Germany,35240,48.78232,9.17702,Cfb,C,Cf,Central Europe,15.57,52196.33,10.7295793111667,31.31,0.478179058,0.487611719,166.9444733,172.1425629,0.00648656227868994,3.5466555887391e-05,TRUE,14.521123356099
athn.grc0110,Athens,grc0110,Greece,22252,37.97945,23.71622,Csa,C,Cs,South Europe,14.54,36997.345,18.6709656712507,28.76800157547,0.254359199,0.271708586,320.9573059,326.1198425,0.0149636068531838,2.09211961521783e-05,TRUE,21.9173727261638
aikt.jap1115,Aikita,jap1115,Japan,31013.6,39.71972222,140.1036111,Cfa,C,Cf,East Asia,23.53,27833,12.1556164383562,32,0.330078536,0.316619815,50.4246788,51.1071167,0.0165347723338337,0.000246535998185963,TRUE,13.6487165254534
aomr.jap1115,Aomori,jap1115,Japan,31013.6,40.82222222,140.7475,Cfa,C,Cf,East Asia,15.99,27992.6666666667,10.8041643835616,32.8,0.321807552,0.320079966,49.58803558,51.11783981,0.0159081485413833,0.000465668253229323,TRUE,12.1577383896228
fksh.jap1115,Fukushima,jap1115,Japan,31013.6,37.76083333,140.4747222,Dfb,D,Df,East Asia,20.31,30203,13.5168219178082,31.976,0.360276716,0.349219535,40.95113754,41.60799408,0.0478082627634367,0.00085679226152966,TRUE,11.2883035377032
fukk.jap1115,Fukuoka,jap1115,Japan,31013.6,33.59,130.4016667,Cfa,C,Cf,East Asia,13.87,29833.86,17.2833424657534,28.1,0.304263439,0.313629037,295.7879334,300.3508911,-0.00281844958667507,3.14553687313524e-05,TRUE,18.1953536607619
fuku.jap1115,Fukui,jap1115,Japan,31013.6,36.06416667,136.2194444,Cfa,C,Cf,East Asia,19.29,31934,14.8414246575342,30.4,0.290953739,0.302484348,45.35295486,46.36872482,0.00523021736460193,0.000164375703116225,TRUE,15.0073441191797
hrsh.jap1115,hiroshima,jap1115,Japan,31013.6,34.38527778,132.4552778,Cfa,C,Cf,East Asia,14.59,31972.175,16.4088767123288,29.5,0.309056149,0.333027647,163.4036102,167.6547241,0.021868396747434,4.57232650556893e-05,TRUE,17.1614501688825
kgsh.jap1115,Kagoshima,jap1115,Japan,31013.6,31.59694444,130.5572222,Cfa,C,Cf,East Asia,17.55,27111.365,18.5958378970427,25.975,0.331764423,0.341681692,79.83608246,81.32555389,0.0297828880528118,7.2275196463772e-05,TRUE,17.530976495997
kmmt.jap1115,Kumamoto,jap1115,Japan,31013.6,32.80333333,130.7080556,Cfa,C,Cf,East Asia,17.33,26165.705,17.0015907844213,28.556,0.373798231,0.374469682,135.4544525,137.4713745,0.0234916679353685,0.000177680195670056,TRUE,17.0467309071825
knzw.jap1115,Kanazawa,jap1115,Japan,31013.6,36.56083333,136.6566667,Cfa,C,Cf,East Asia,15.89,33466.635,15.0196379594076,30.3,0.31482499,0.33898267,114.8791351,117.4280167,0.049887630400929,0.000261834530383218,TRUE,12.0345463175952
kofu.jap1115,Kofu,jap1115,Japan,31013.6,35.66222222,138.5683333,Dfb,D,Df,East Asia,17.88,31126.775,15.145698630137,29.6,0.380662144,0.364427726,131.2905731,133.4361115,0.000293382321930458,0.000283689370471336,TRUE,12.2376099611098
kyot.jap1115,Kyoto,jap1115,Japan,31013.6,35.01166667,135.7683333,Cfa,C,Cf,East Asia,12.71,31320.6666666667,16.1870065789474,29.7,0.298557203,0.316844582,2083.48584,2113.337891,0.00948969043932583,5.37100686574595e-05,TRUE,14.4111888645456
mats.jap1115,Matsue,jap1115,Japan,31013.6,35.46805556,133.0486111,Cfa,C,Cf,East Asia,14.86,30966,15.2214676889376,28.975,0.337577608,0.36205768,21.93400574,22.37044144,0.00376808308910067,0.000300023423227889,TRUE,13.7239635410021
mbsh.jap1115,Maebashi,jap1115,Japan,31013.6,36.38916667,139.0636111,Cfa,C,Cf,East Asia,17.69,31951.2,15.125274122807,30.6,0.359311206,0.368129789,370.8406372,407.4691162,0.0313642364617926,0.000158224339702339,TRUE,14.9855270457815
mito.jap1115,Mito,jap1115,Japan,31013.6,36.36527778,140.4716667,Cfa,C,Cf,East Asia,16.28,32128.02,14.2972039473684,28.954,0.353373062,0.365967344,76.33444977,77.76848602,0.0383330871864771,0.000354776442982921,TRUE,12.0530463216927
mork.jap1115,Morioka,jap1115,Japan,31013.6,39.70194444,141.1541667,Dfb,D,Df,East Asia,21.47,26966,10.8544109589041,33.576,0.357831721,0.331566841,40.56259155,41.7131691,0.0133764504708684,0.000295841770465757,TRUE,12.8730516412937
mtsy.jap1115,Matsuyama,jap1115,Japan,31013.6,33.83916667,132.7655556,Cfa,C,Cf,East Asia,17.44,29433.68,16.6295890410959,27.8,0.354221346,0.395394237,124.6058807,126.0356979,0.0201314452455432,8.68801356510304e-05,TRUE,18.0315997530896
myzk.jap1115,Miyazaki,jap1115,Japan,31013.6,31.90777778,131.4202778,Cfa,C,Cf,East Asia,18.38,27204.6666666667,17.5360350492881,26.55,0.33706765,0.333017031,54.47265244,55.61790085,-0.00405893587214591,0.000253446164365732,TRUE,13.1437012516141
nagn.jap1115,Nagano,jap1115,Japan,31013.6,36.64861111,138.1947222,Dfb,D,Df,East Asia,20.21,31546.72,12.2992328767123,32.1,0.359326763,0.357171179,70.64176941,71.53268433,0.0230500074333343,0.000172849855951811,TRUE,11.5155425894513
nagy.jap1115,Nagoya,jap1115,Japan,31013.6,35.18166667,136.9063889,Cfa,C,Cf,East Asia,15.18,35724.705,16.222301369863,29.676,0.341587889,0.341195997,1773.645508,1799.023682,0.0214275744145949,2.47452703961855e-05,TRUE,15.6447261029912
naha.jap1115,Naha,jap1115,Japan,31013.6,26.2125,127.6791667,Cfa,C,Cf,East Asia,12.78,23173.575,23.1898630136986,16.276,0.353309714,0.340368035,155.0219421,159.0063324,-0.0248229676595445,0.000994276501740351,TRUE,10.4281508905422
ngsk.jap1115,Nagasaki,jap1115,Japan,31013.6,32.75027778,129.8777778,Cfa,C,Cf,East Asia,18.71,25635.405,17.1725479452055,26.904,0.34599934,0.395312636,42.82483292,43.60042572,0.00988620158810979,0.000273739304054998,TRUE,15.667720285027
nigt.jap1115,Niigata,jap1115,Japan,31013.6,37.91611111,139.0363889,Cfa,C,Cf,East Asia,18.76,31591.97,13.9881161007667,30.4,0.266124776,0.267498015,105.8518066,107.9875946,0.0128175176112683,7.58819819112883e-05,TRUE,12.2583373590118
okym.jap1115,Okayama,jap1115,Japan,31013.6,34.655,133.9197222,Cfa,C,Cf,East Asia,18.03,31926.035,16.2674163466813,29.2,0.330350013,0.342742142,237.595108,240.7727356,0.00393549708429017,8.30640584976099e-05,TRUE,16.9259490919556
osak.jap1115,Osaka,jap1115,Japan,31013.6,34.69388889,135.5022222,Cfa,C,Cf,East Asia,15.43,32991.08,16.9394852135816,28.575,0.298557203,0.316844582,2083.48584,2113.337891,0.0110456468887401,1.73510486490444e-05,TRUE,17.3639625278504
otsu.jap1115,Otsu,jap1115,Japan,31013.6,35.01777778,135.8547222,Cfa,C,Cf,East Asia,12.71,31320.6666666667,15.4280941949617,29.1,0.378203706,0.385218475,110.4735641,113.6210175,-0.003252079479354,0.000372918857342577,TRUE,12.4900243735077
saga.jap1115,Saga,jap1115,Japan,31013.6,33.26333333,130.3008333,Cfa,C,Cf,East Asia,18.38,27204.6666666667,16.8402960526316,28.477,0.317450416,0.302779463,26.67595291,26.87681198,0.0275096452042459,0.000219693768375066,TRUE,14.9617018159755
send.jap1115,Sendai,jap1115,Japan,31013.6,38.26805556,140.8697222,Cfa,C,Cf,East Asia,14.29,29847.375,12.9969315068493,30.7,0.323160042,0.320563316,184.6572418,189.7324524,0.0275076488693365,0.000104172097767844,TRUE,12.1733626032489
shzk.jap1115,Shizuoka,jap1115,Japan,31013.6,34.97555556,138.3827778,Cfa,C,Cf,East Asia,17.56,35288.74,16.9404383561644,25.952,0.271331602,0.270672117,101.1508713,102.5895996,0.0153818399519334,0.00010743833663943,TRUE,12.5094295036607
sppr.jap1115,Sapporo,jap1115,Japan,31013.6,43.06194444,141.3544444,Dfb,D,Df,East Asia,14.76,29148.86,9.50471232876712,33.7,0.32378218,0.323238448,248.1977539,255.2428284,0.0102947273371245,6.21466573194957e-05,TRUE,10.2152570584391
tkmt.jap1115,Takamatsu,jap1115,Japan,31013.6,34.34277778,134.0466667,Cfa,C,Cf,East Asia,18.82,30259.095,16.6646575342466,28.776,0.399143403,0.422192786,138.3246002,139.6469727,0.0289894490666773,0.0001149558146497,TRUE,17.2242865805358
tksh.jap1115,Tokushima,jap1115,Japan,31013.6,34.07027778,134.5547222,Cfa,C,Cf,East Asia,19.52,30397.045,16.6933734939759,27.4,0.425430432,0.472468757,258.0448303,261.404541,0.00256285739984449,0.000172571891618851,TRUE,14.3331569915157
toky.jap1115,Tokyo,jap1115,Japan,31013.6,35.68944444,139.6916667,Cfa,C,Cf,East Asia,14.31,40165.34,16.6170865279299,27.875,0.317686927,0.332728979,3568.17749,3664.912354,0.014299773917174,7.58280224941682e-06,TRUE,15.8065181952815
toym.jap1115,Toyama,jap1115,Japan,31013.6,36.69583333,137.2136111,Cfa,C,Cf,East Asia,19.11,34773.22,14.4729315068493,31.076,0.353285149,0.32066313,68.08555603,70.05036163,0.00875682207681464,0.000234372513675365,TRUE,10.8815104533777
utsn.jap1115,Utsunomiya,jap1115,Japan,31013.6,36.55527778,139.8827778,Cfa,C,Cf,East Asia,15.59,33551.22,14.4114520547945,29.7,0.310117857,0.330017742,73.09452057,79.52825165,0.00787028505591871,0.00024376430146301,TRUE,13.3700212646386
wkym.jap1115,Wakayama,jap1115,Japan,31013.6,34.23055556,135.1708333,Cfa,C,Cf,East Asia,18.76,29343.265,16.8421917808219,27.3,0.331912558,0.341808755,97.62812805,99.03671265,0.0130191455260261,9.43634738583583e-05,TRUE,15.8384299896346
ymgt.jap1115,Yamagata,jap1115,Japan,31013.6,38.25555556,140.3397222,Dfa,D,Df,East Asia,15.99,27992.6666666667,12.0634720700986,32.775,0.348893454,0.33397957,53.83434296,55.64421844,0.0226655852162973,0.000267785377077045,TRUE,12.3510450340749
gdlj.mex9814,Guadalajara,mex9814,Mexico,8666.3,20.66,-103.35,Cwa,C,Cw,Central America,4.55,14193.16,21.0773222548095,12.69140832901,0.329198932,0.266693082,326.2952576,350.9579773,0.0156521438063363,6.93945872265805e-05,TRUE,26.3615638233592
mntr.mex9814,Monterrey,mex9814,Mexico,8666.3,25.687,-100.316,BSh,B,BS,Central America,4.45,25484.05,22.0656267716501,23.9811590909958,0.251757452,0.241425334,336.3070984,431.7654114,0.013284258197935,1.19828531046635e-05,TRUE,28.3375290560367
vlom.mex9814,Valley of Mexico,mex9814,Mexico,8666.3,19.667,-99,Cwb,C,Cw,Central America,4.69,20215.63,16.3834215298909,12.2599133872986,0.243559813,0.258034443,1067.332886,1298.202881,0.0154769459516638,2.91258390661278e-06,TRUE,25.932649807402
lisb.por8018,Lisboa,por8018,Portugal,12185,38.7223,-9.1393,Csa,C,Cs,South Europe,15.26,37840.275,16.7450606744744,21.5,0.334055394,0.357911642,223.1585846,228.6451263,-0.0021213258404442,1.00155681814258e-05,TRUE,12.5214937137686
albc.spa9014,Albacete,spa9014,Spain,14787.8,38.98333359,-1.849999984,BSk,B,BS,South Europe,17.6,26104,14.5129339627896,27.7999995946884,0.24908187,0.229561711,11.65491009,12.26574326,-0.0293300124468425,0.000903453599745197,TRUE,13.0632412736659
bilb.spa9014,Bilbao,spa9014,Spain,14787.8,43.25000254,-2.916666587,Cfb,C,Cf,South Europe,18.27,37253.535,14.85085474958,22.4000000953674,0.288272393,0.341879756,46.66727448,48.16207123,-0.0194552120218908,0.000583405137200088,TRUE,12.5097702085392
brcl.spa9014,Barcelona,spa9014,Spain,14787.8,41.38333257,2.1833,Csa,C,Cs,South Europe,17.14,37751.4,16.4664878001702,22.8000001907349,0.280020714,0.298962002,296.2411804,308.6734619,0.0124419808390302,1.0170650776171e-05,TRUE,20.8218535213739
brgs.spa9014,Burgos,spa9014,Spain,14787.8,42.3333346,-3.700000127,Csb,C,Cs,South Europe,20.82,36592,10.932920819322,26.5700002670289,0.336015069,0.341489083,16.16421318,17.55614853,0.0185799398626092,0.000769087446819017,TRUE,9.30837718833311
leon.spa9014,Leon,spa9014,Spain,14787.8,42.58333079,-5.566666921,Csb,C,Cs,South Europe,23.44,29365,11.1262950366668,26.3999996185303,0.369295173,0.381305908,16.89148331,18.7401886,-0.0789014828983349,0.00613091059635988,TRUE,6.15824599347507
mdrd.spa9014,Madrid,spa9014,Spain,14787.8,40.4000028,-3.683333476,Csa,C,Cs,South Europe,14.52,42081.335,15.2490198281633,27.6999995708466,0.288568564,0.297361956,361.7317505,388.3514099,0.00765083995245379,6.46813537361029e-05,TRUE,11.7365745202081
ovid.spa9014,Oviedo,spa9014,Spain,14787.8,43.34999847,-5.833333333,Csb,C,Cs,South Europe,21.26,29861,13.3698171094589,20.3000004291534,0.344821432,0.356349138,13.12543297,14.24727154,-0.0146326172051201,0.000687758113831587,TRUE,11.739195682435
pgcn.spa9014,Palmas G. Canaria,spa9014,Spain,14787.8,28.15,-15.4167,BWh,B,BW,South Europe,12.18,28124.34,21.3288476168291,11.5,0.160610552,0.185602361,24.40007591,24.98314476,-0.0175420784212238,0.000633236260231918,TRUE,7.67498842376629
plmm.spa9014,Palma Mallorca,spa9014,Spain,14787.8,39.56666692,2.650000175,Csa,C,Cs,South Europe,11.98,35667,16.8225495565918,22.6000008583069,0.329804087,0.341915084,55.19561005,56.96139908,0.0381544090604361,0.00161323968465216,TRUE,11.2604007273326
snsb.spa9014,San Sebastian,spa9014,Spain,14787.8,43.31666438,-1.966666738,Cfb,C,Cf,South Europe,17.12,42175,13.7032964655648,23.0999991893768,0.412532004,0.464768472,17.42723846,18.07612228,-0.0848058468997464,0.00210009693413498,TRUE,11.4516131255955
svll.spa9014,Sevilla,spa9014,Spain,14787.8,37.38333257,-5.983333588,Csa,C,Cs,South Europe,13.06,25264.85,19.5135188465522,25.0000014305115,0.275583635,0.273010616,68.72064209,74.29611206,0.000584904430770459,0.00118628715025937,TRUE,14.7646631305536
tnrf.spa9014,Tenerife,spa9014,Spain,14787.8,28.4667,-16.25,Csb,C,Cs,South Europe,8.72,26993,21.6300405138438,12.1999988555908,0.186523684,0.213234683,13.49343681,13.63489342,0.0260921400707827,0.000884231447053267,TRUE,8.44514042651951
vitr.spa9014,Vitoria,spa9014,Spain,14787.8,42.83333333,-2.666666826,Cfb,C,Cf,South Europe,15.34,46938,11.9064505552303,25.6400002837182,0.286439791,0.315979123,18.76574326,21.2694664,-0.0806559730026704,0.00389315527959602,TRUE,7.79338164353895
vlld.spa9014,Valladolid,spa9014,Spain,14787.8,41.64999898,-4.716666381,Csb,C,Cs,South Europe,16.56,33590,12.895723357547,27.9000007510185,0.27282857,0.289442046,31.48807526,34.91054535,0.00421360548138146,0.000374903945629371,TRUE,12.6710206472655
vlnc.spa9014,Valencia,spa9014,Spain,14787.8,39.46666463,-0.3833,Csa,C,Cs,South Europe,15.46,30225.83,18.5504544940865,21.2000002861023,0.324488921,0.293179536,178.5820618,183.6846008,0.00823533935164767,4.5835943946967e-05,TRUE,17.0414516560681
basl.sui9513,Basel,sui9513,Switzerland,53256,47.5596,7.5886,Cfb,C,Cf,Central Europe,16.64,52566.46,10.8268876079968,30,0.478735725,0.482095022,80.70828247,83.18486023,0.0225366541214456,6.17663278840509e-05,TRUE,16.5723146067416
bern.sui9513,Bern,sui9513,Switzerland,53256,46.948,7.4474,Cfb,C,Cf,Central Europe,17.04,42997,9.36465417856356,30,0.530877656,0.541390024,31.78137779,32.87827301,-0.00202771394017125,0.000120346359118735,TRUE,20.4102295976358
lugn.sui9513,Lugano,sui9513,Switzerland,53256,46.0037,8.9511,Dfc,D,Df,Central Europe,17.33,42326,12.8976801148166,26,0.453478069,0.466222531,8.395554543,9.446400642,0.0136076343140196,4.02586716940014e-05,TRUE,23.5166666666667
zrch.sui9513,ZÃ¼rich,sui9513,Switzerland,53256,47.3769,8.5417,Cfb,C,Cf,Central Europe,14.78,61496.19,9.65942363001664,30.1610001487732,0.518638623,0.516716256,113.9977036,117.769516,-0.000168940210002025,6.45966174099385e-05,TRUE,16.748320610687
stck.swe9010,Stockholm,swe9010,Sweden,29283,59.3294,18.0686,Dfb,D,Df,North Europe,14.19,54811.28,7.20700686827249,33.5500001907348,0.475770091,0.498513336,148.2939911,157.8506622,-0.00474302075996455,6.6250475803778e-05,TRUE,8.15118604786941
blckp.uk9016Poll,Blackpool,uk9016Poll,UK,34419,53.817,-3.05,Cfb,C,Cf,North Europe,19.58,21072,10.1945091365525,20.3187886568058,0.391663809,0.403254376,42.83647537,43.5588913,0.0195370739580462,0.000400666829295713,TRUE,8.96698767856814
brst.uk9016Poll,Bristol,uk9016Poll,UK,34419,51.455,-2.597,Cfb,C,Cf,North Europe,15.23,41221.725,10.9437027481177,21.9079821465776,0.439219538,0.447636819,102.3521042,104.9123688,0.00244253489940113,7.14217768488821e-05,TRUE,12.9099436162084
chst.uk9016Poll,Chesterfield,uk9016Poll,UK,34419,53.235,-1.422,Cfb,C,Cf,North Europe,15.8,35737,9.89973990606639,21.8804947917109,0.451574337,0.46694636,15.60641384,15.74057961,0.0130538209131275,0.000330855245204897,TRUE,12.1966825130912
crdf.uk9016Poll,Cardiff,uk9016Poll,UK,34419,51.48,-3.18,Cfb,C,Cf,North Europe,15.04,29612.45,10.9179574068577,21.3574129557289,0.424028121,0.449888123,62.90847015,63.98707581,0.0188193679662252,0.000123273865521233,TRUE,11.9886477389559
cvnt.uk9016Poll,Coventry,uk9016Poll,UK,34419,52.407,-1.512,Cfb,C,Cf,North Europe,15.13,29891,10.2676039933012,22.8849285694234,0.456778287,0.468398781,73.53518677,75.65975952,-0.0207416818796762,0.000162899000744409,TRUE,11.357962984377
estb.uk9016Poll,Eastbourne,uk9016Poll,UK,34419,50.769,0.285,Cfb,C,Cf,North Europe,22.81,23864,11.1236740647596,20.7469589107748,0.445060271,0.460200582,19.59988594,19.79836273,-0.00381587168296848,0.000391142148903324,TRUE,13.7448452750054
lcst.uk9016Poll,Leicester,uk9016Poll,UK,34419,52.639,-1.132,Cfb,C,Cf,North Europe,14.76,30535.54,10.0430103931862,22.8164260762392,0.437739558,0.43256275,67.6031723,68.68585968,0.000519200992590765,0.000107568501695633,TRUE,13.4132788583929
lndn.uk9016Poll,London,uk9016Poll,UK,34419,51.509,-0.126,Cfb,C,Cf,North Europe,13.47,50196.71,11.4082986004077,22.9975426601145,0.438670113,0.44924361,1260.635742,1294.464355,0.0058361423981463,3.67633678447354e-06,TRUE,13.4916802115825
lvrp.uk9016Poll,Liverpool,uk9016Poll,UK,34419,53.411,-2.978,Cfb,C,Cf,North Europe,16.38,30574.96,10.5859817569331,21.2293403075597,0.423229853,0.430541545,240.1717987,244.228775,0.00351898227257749,4.15620825712931e-05,TRUE,10.8838561764373
mnch.uk9016Poll,Manchester,uk9016Poll,UK,34419,53.481,-2.237,Cfb,C,Cf,North Europe,15.4,35924.285,10.129308159875,21.6408104329659,0.447161592,0.469208752,393.3229065,400.6203308,0.0039152174555345,1.51282595364766e-05,TRUE,13.021980287203
nrwc.uk9016Poll,Norwich,uk9016Poll,UK,34419,52.631,1.297,Cfb,C,Cf,North Europe,19.96,27510,10.3085694632888,22.2812994516763,0.459885805,0.477004268,31.56941414,32.27004623,0.0236957388993434,0.000257453762183206,TRUE,12.7126970735078
nttn.uk9016Poll,Nottingham,uk9016Poll,UK,34419,52.954,-1.15,Cfb,C,Cf,North Europe,15.58,30356.5,10.3895711299992,22.4126815136122,0.435557347,0.442046238,103.2753677,104.150444,0.00120207765081332,5.45650282803685e-05,TRUE,12.8376900524856
nwpr.uk9016Poll,Newport,uk9016Poll,UK,34419,51.588,-2.998,Cfb,C,Cf,North Europe,16.79,32443,10.4604645597532,21.4025665871733,0.413333377,0.45987085,29.76818275,30.43345642,0.00948595395180289,0.000234014467574139,TRUE,12.016630128162
plym.uk9016Poll,Plymouth,uk9016Poll,UK,34419,50.372,-4.143,Cfb,C,Cf,North Europe,15.92,25978,10.9947438832688,19.0531157218266,0.450859985,0.474129644,51.283535,52.81573105,0.0166637743802965,0.000257651287384396,TRUE,11.3068096115552
prst.uk9016Poll,Preston,uk9016Poll,UK,34419,53.767,-2.717,Cfb,C,Cf,North Europe,16.56,27424,10.1304312517791,21.3380010635742,0.467705422,0.490551913,42.73772049,43.88443756,0.0121798836104318,0.000214818624134661,TRUE,11.0440701719978
rdng.uk9016Poll,Reading,uk9016Poll,UK,34419,51.456,-0.971,Cfb,C,Cf,North Europe,12.58,54757,10.9185602100038,22.7957488617978,0.486686683,0.505289874,45.97885513,47.39160156,-0.01789128046554,0.000186102676535385,TRUE,11.0723819444298
shff.uk9016Poll,Sheffield,uk9016Poll,UK,34419,53.383,-1.466,Cfb,C,Cf,North Europe,16.37,30431,9.99523008727199,21.845586131473,0.451382305,0.474504182,139.326828,141.7247162,-1.92500706640369e-05,5.80373191356303e-05,TRUE,12.7880106695713
sndr.uk9016Poll,Sunderland,uk9016Poll,UK,34419,54.905,-1.382,Cfb,C,Cf,North Europe,15.39,27207,9.75615059337344,19.5002325555474,0.390310721,0.443073588,32.879673,33.98308945,-0.00609088092791598,0.000232481663303532,TRUE,9.9814479261289
sthh.uk9016Poll,South Hampshire,uk9016Poll,UK,34419,50.844,-1.107,Cfb,C,Cf,North Europe,16.09,36025,11.4086824211059,21.1376817686628,0.445060684,0.463703444,89.87973785,93.13775635,-0.00538294255247006,5.94566602346128e-05,TRUE,13.2400670755038
stse.uk9016Poll,Southend-on-Sea,uk9016Poll,UK,34419,51.538,0.714,Cfb,C,Cf,North Europe,19.17,26911,11.2124405417869,22.4720065976032,0.458893419,0.460980729,46.37355042,47.31769943,-0.000848205663810513,0.000139575962223993,TRUE,11.9214271363406
sttr.uk9016Poll,Stoke-on-Trent,uk9016Poll,UK,34419,53.003,-2.179,Cfb,C,Cf,North Europe,16.17,25858,9.48840670867731,21.7202149821273,0.42568724,0.461473885,63.2369957,64.5137558,-0.00210243874902681,0.00010675874213247,TRUE,14.1266359196475
swns.uk9016Poll,Swansea,uk9016Poll,UK,34419,51.621,-3.943,Cfb,C,Cf,North Europe,18.15,26427,11.1588744736939,19.9465614737729,0.447304034,0.479950921,29.52277756,30.78919601,0.00460733698307456,0.000254994549991693,TRUE,12.1558738462326
tssd.uk9016Poll,Teesside,uk9016Poll,UK,34419,54.588,-1.186,Cfb,C,Cf,North Europe,15.5,23801,9.88950231467568,20.6225719773789,0.389310175,0.406389672,91.61080933,93.75444031,0.00110669121773454,0.000126048928359865,TRUE,10.6949594607395
wrrn.uk9016Poll,Warrington,uk9016Poll,UK,34419,53.393,-2.58,Cfb,C,Cf,North Europe,16.56,27424,10.4898930483295,21.7978921762397,0.434774434,0.444896644,31.93648529,32.49579239,0.01195623167429,0.000260217054161129,TRUE,12.5042485047621
york.uk9016Poll,York,uk9016Poll,UK,34419,53.958,-1.083,Cfb,C,Cf,North Europe,17.07,34981,10.1595276036006,22.1331354230055,0.440526334,0.459823641,21.93374252,22.28768921,-0.00308024205889,0.000298968260172538,TRUE,12.4892553344556
akrn.usa7306,Akron,usa7306,USA,30068.23092,41.033,-81.483,Dfb,D,Df,North America,14.1,42511.175,10.1185107639448,39.6666666666667,0.518487681,0.549778468,127.7639847,130.4600372,0.00502666145451641,8.46068983417212e-05,TRUE,15.8694766371871
albq.usa7306,Albuquerque,usa7306,USA,30068.23092,35.083,-106.617,BSk,B,BS,North America,11.28,45276.29,13.8459762710045,33.6666666666667,0.291320737,0.262688979,303.649292,333.0494385,-0.00291149450882484,0.000592736191213875,TRUE,6.78900492749412
alln.usa7306,Allentown,usa7306,USA,30068.23092,40.567,-75.483,Dfa,D,Df,North America,12.78,52114.6666666667,11.1266038546196,37.8333333333333,0.530368681,0.567023359,225.6781158,247.4901123,0.0215100075896624,0.000115072334816452,TRUE,13.8968855019185
astn.usa7306,Austin,usa7306,USA,30068.23092,30.283,-97.733,Cfa,C,Cf,North America,7.22,50800.97,20.0648260001969,30.6666666666667,0.450738249,0.450021877,328.1703186,378.5436401,0.020379704764358,0.000464739863546137,TRUE,10.0420127984887
atln.usa7306,Atlanta,usa7306,USA,30068.23092,33.75,-84.383,Cfa,C,Cf,North America,7.28,62350.085,16.1921941268052,31.7683333333333,0.502660627,0.516512275,647.8165283,699.6470947,0.0106351291478212,2.52677404053508e-05,TRUE,17.2947143201123
bkrs.usa7306,Bakersfield,usa7306,USA,30068.23092,35.434,-119.054,BSh,B,BS,North America,10.13,47585.3333333333,18.6436713730964,29.4444444444444,0.344054695,0.289594951,219.5639038,234.8613434,0.00329146719241832,4.00647528023817e-05,TRUE,17.2379861198903
bltm.usa7306,Baltimore,usa7306,USA,30068.23092,39.283,-76.617,Cfa,C,Cf,North America,12.66,54045.435,13.439389058893,36.3333333333333,0.446268377,0.466869041,426.6395569,442.2944031,0.0207715821096613,2.53355266254187e-05,TRUE,15.4130304238971
brmn.usa7306,Birmingham,usa7306,USA,30068.23092,33.517,-86.8,Cfa,C,Cf,North America,12.72,54122.065,16.9170335176536,32.4905555555556,0.475393587,0.494568432,148.7955017,152.8946075,0.00797577304811066,4.06959152473986e-05,TRUE,16.385014622553
bstn.usa7306,Boston,usa7306,USA,30068.23092,42.35,-71.067,Dfa,D,Df,North America,12.95,77140.3,10.7997351514826,38.3888888888889,0.492690621,0.522041694,562.538208,576.4204712,0.01665288249572,4.44338635370871e-05,TRUE,12.0675018317116
btnr.usa7306,BatonRouge,usa7306,USA,30068.23092,30.537,-91.147,Cfa,C,Cf,North America,9.77,47799.81,19.4997315724486,28.2222222222222,0.487122902,0.502203403,135.7949677,149.958786,-0.00891457701786425,0.000172896958777341,TRUE,13.4118846874794
cdrr.usa7306,CedarRapids,usa7306,USA,30068.23092,41.978,-91.666,Dfa,D,Df,North America,12.32,42965.6666666667,9.13348606652582,46.8622222222222,0.486863081,0.50472523,84.33577728,95.59848785,0.014054683160138,0.000397573057681622,FALSE,10.9747507164418
chcg.usa7306,Chicago,usa7306,USA,30068.23092,41.867,-87.617,Dfa,D,Df,North America,10.88,55965.605,11.1419310678048,42.9811111111111,0.463449665,0.476855091,2681.442383,2810.234863,0.0152863825091303,8.34544155228554e-06,TRUE,15.2931424209185
chrl.usa7306,Charlotte,usa7306,USA,30068.23092,35.233,-80.85,Cfa,C,Cf,North America,9.01,71056.94,15.837091319053,32.1666666666667,0.507887443,0.521029915,158.0449219,170.978363,0.00745582957558436,0.000115470382008394,TRUE,15.1673848740897
chsc.usa7306,CharlestSC,usa7306,USA,30068.23092,32.777,-79.931,Cfa,C,Cf,North America,10.37,40343.575,18.6591999069451,28.4444444444444,0.403611901,0.430005558,53.83958435,56.97819138,0.0327513697744515,0.000249219277975879,TRUE,12.0628070988047
clmb.usa7306,Columbus,usa7306,USA,30068.23092,39.967,-83,Cfa,C,Cf,North America,10.09,53033.55,11.5004921171776,40.1572222222222,0.47082247,0.514367151,512.616394,553.0723267,0.0085685588225348,6.28983141630562e-05,TRUE,16.0890477086484
clvl.usa7306,Cleveland,usa7306,USA,30068.23092,41.483,-81.7,Dfa,D,Df,North America,15.38,59358.22,11.1670558866162,39.5922222222222,0.490657704,0.508762778,653.6108398,659.6998901,0.0228725134677014,1.84099106045826e-05,TRUE,15.3470307873354
cncn.usa7306,Cincinnati,usa7306,USA,30068.23092,39.1,-84.517,Cfa,C,Cf,North America,11.69,48995.09,12.5513725595462,38.8888888888889,0.481668731,0.513981463,390.179718,414.3180237,0.00306728368231172,6.14612177615364e-05,TRUE,17.0155258689173
colm.usa7306,Columbia,usa7306,USA,30068.23092,34,-81.05,Cfa,C,Cf,North America,9.96,44300.61,17.3528882804531,31,0.466593905,0.48736256,78.08912659,81.80828857,0.012379213719176,0.000231727272898805,TRUE,14.0942326512514
crpc.usa7306,corpus christ,usa7306,USA,30068.23092,27.801,-97.396,Cfa,C,Cf,North America,10.74,44974.6666666667,21.9299404090836,25.6666666666667,0.394185997,0.397215917,83.77186584,87.67313385,0.0220304476349976,0.00280163203996749,TRUE,10.0250030960827
dlls.usa7306,Dallas,usa7306,USA,30068.23092,32.767,-96.783,Cfa,C,Cf,North America,7.37,66879.61,19.2511900288112,35.435,0.430091473,0.429346067,2370.45874,2600.175293,0.0185131054963142,4.89509656359904e-05,TRUE,12.5778070355534
dnvr.usa7306,Denver,usa7306,USA,30068.23092,39.75,-105,BSk,B,BS,North America,8.99,60559.16,10.3164671355201,39.9905555555556,0.409870431,0.428323192,948.6149292,1011.949829,0.0148262162632987,0.000119024483142593,TRUE,10.1970242930859
drhm.usa7306,Durham,usa7306,USA,30068.23092,35.994,-78.899,Cfa,C,Cf,North America,10.47,42208.3333333333,15.2838263452694,32.7777777777778,0.484826643,0.500637891,20.52469444,21.16624451,0.0153100955826652,0.000422705898268745,TRUE,14.2730935875217
dsmn.usa7306,DesMoines,usa7306,USA,30068.23092,41.583,-93.617,Dfa,D,Df,North America,11.8,60866.56,10.3073137560173,46.9811111111111,0.513761724,0.536809501,193.8910065,213.9273987,0.00621441671546291,0.000221971739572659,TRUE,10.3344588073865
dtrt.usa7306,Detroit,usa7306,USA,30068.23092,42.333,-83.05,Dfa,D,Df,North America,12.15,51957.915,10.508607576815,40.6572222222222,0.463836796,0.509136685,1789.307617,1824.817749,0.010767125545427,8.26969175101088e-06,TRUE,15.4024886243691
dvnp.usa7306,Davenport,usa7306,USA,30068.23092,41.52,-90.58,Dfa,D,Df,North America,14.4,42965.6666666667,10.0715941017519,46,0.509105087,0.539588725,144.3804626,159.3901062,0.019431909245002,0.000191745214277705,TRUE,12.3257521648815
dytn.usa7306,Dayton,usa7306,USA,30068.23092,39.767,-84.167,Cfa,C,Cf,North America,13.36,45560.985,11.4947119772373,40.7127777777778,0.49725174,0.550190928,214.0923462,225.818634,0.0205180967406848,0.000102134189601247,TRUE,16.0507622204496
erie.usa7306,Erie,usa7306,USA,30068.23092,42.117,-80.083,Dfb,D,Df,North America,15.13,41271.3333333333,9.69255203020705,38.7127777777778,0.495415436,0.519859593,72.32681274,73.32880402,0.0248597595601538,0.00028609527487032,TRUE,12.8023704520397
eugn.usa7306,Eugene,usa7306,USA,30068.23092,44.052,-123.087,Csb,C,Cs,North America,15.76,43598.3333333333,11.3247928634062,26.0461111111111,0.438579906,0.45199236,99.13733673,103.8839264,0.0164734635432829,0.000194610434531881,TRUE,9.26567465771484
frsn.usa7306,Fresno,usa7306,USA,30068.23092,36.733,-119.783,BSk,B,BS,North America,10.06,30998.35,17.654113204846,29.2683333333333,0.363423595,0.332995169,267.1916199,280.8179626,0.00229468494657,3.40655736291752e-05,TRUE,19.3917654168277
grnr.usa7306,GrandRapids,usa7306,USA,30068.23092,42.967,-85.667,Dfb,D,Df,North America,10.37,51211.155,9.02416295341887,40.2777777777778,0.506229037,0.519235192,196.7937164,207.9600677,0.0211778634335199,8.08223749635692e-05,TRUE,13.5195140366848
grns.usa7306,Greensb,usa7306,USA,30068.23092,36.097,-79.943,Cfa,C,Cf,North America,13.44,42208.3333333333,14.5417941697536,33.1572222222222,0.505843847,0.540303161,97.23796082,102.608696,-0.00799439624731278,0.000211951269843326,TRUE,14.3451033629247
hlln.usa7306,Holland,usa7306,USA,30068.23092,42.788,-86.109,Dfb,D,Df,North America,11.35,36264,8.88893959368556,38.3888888888889,0.523698132,0.515028341,35.90376282,40.30976105,-0.0370967623288556,0.000612044661354766,TRUE,12.0882145653876
hrrs.usa7306,Harrisburg,usa7306,USA,30068.23092,40.267,-76.883,Cfa,C,Cf,North America,14.38,50989.625,12.1149409859243,37.5,0.48594988,0.537487465,133.4493713,142.5530243,0.0127078547215046,0.000130979745283848,TRUE,15.3040514218933
hrtf.usa7306,Hartford,usa7306,USA,30068.23092,41.767,-72.667,Dfa,D,Df,North America,13.76,58867.3333333333,11.0679882249781,38.9905555555556,0.518474454,0.515315974,117.1659927,118.6540146,0.0393275782296059,8.88739203935149e-05,TRUE,11.4729289707488
hstn.usa7306,Houston,usa7306,USA,30068.23092,29.767,-95.367,Cfa,C,Cf,North America,7.77,64389.53,20.7082013564539,27.0555555555556,0.477690719,0.475320015,2128.491943,2463.658447,0.0158155903536983,4.19173496448258e-05,TRUE,12.9120885576049
indn.usa7306,Indianapolis,usa7306,USA,30068.23092,39.767,-86.167,Cfa,C,Cf,North America,10.52,62643,11.61137506487,41.7222222222222,0.503298519,0.519502182,637.3828735,702.3533325,0.0130349852326863,5.33201564143026e-05,TRUE,16.055407550144
jcks.usa7306,Jacksonville,usa7306,USA,30068.23092,30.333,-81.65,Cfa,C,Cf,North America,11.09,42802.875,20.814525509565,25.7127777777778,0.492572409,0.522416104,219.9846191,226.6909027,-0.00568779199235557,0.000126204501719478,TRUE,10.5044003382255
knss.usa7306,Kansas,usa7306,USA,30068.23092,39.121,-94.597,Cfa,C,Cf,North America,11.51,53018.555,13.7212066713194,44.4444444444444,0.507918072,0.551345371,661.6918335,700.8093262,-0.00603608330306236,6.16559197761426e-05,TRUE,11.9688701918141
knxv.usa7306,Knoxville,usa7306,USA,30068.23092,35.964,-83.874,Cfa,C,Cf,North America,13.53,38376.6666666667,14.7877811778601,33.6111111111111,0.483308824,0.50138086,47.49033737,50.20571518,0.0054478342880381,0.000140224209520536,TRUE,15.6495946674344
losv.usa7306,louisv,usa7306,USA,30068.23092,38.25,-85.75,Cfa,C,Cf,North America,12.46,47035.105,13.9781276283531,38.8888888888889,0.520403282,0.542130712,431.3068848,469.2785034,0.0213122930324086,6.94338684184731e-05,TRUE,15.6353775196768
lsan.usa7306,LosAngeles,usa7306,USA,30068.23092,34.017,-118.45,Csb,C,Cs,North America,9.93,49492.66,17.9369508419678,18.1111111111111,0.322272072,0.293597406,4497.799316,4632.77002,-0.000232761129207327,3.86934790459757e-06,TRUE,18.0146455427704
lsvg.usa7306,lasvegas,usa7306,USA,30068.23092,36.212,-115.196,BWk,B,BW,North America,10.87,45509.19,20.1413628961543,34.1111111111111,0.216512935,0.185404148,548.1752319,595.7875366,0.0183658412256324,9.53908806544475e-05,TRUE,7.48983357439827
lttr.usa7306,LittleRock,usa7306,USA,30068.23092,34.75,-92.267,Cfa,C,Cf,North America,11.22,50491.02,16.6895993271416,35.5461111111111,0.462952492,0.490544445,80.83363342,84.05821228,0.00852328526488839,0.000169826219445852,TRUE,14.086343914345
mdfr.usa7306,Medford,usa7306,USA,30068.23092,42.327,-122.876,Csb,C,Cs,North America,6.26,43598.3333333333,12.3026833807555,29.5461111111111,0.426592889,0.425541032,47.44491959,48.87189865,-0.0205056178253722,0.000759741568898889,TRUE,9.79028534627377
mdil.usa7306,MadisonIL,usa7306,USA,30068.23092,43.073,-89.401,Dfb,D,Df,North America,8.02,47422.3333333333,14.0321039351479,43.2777777777778,0.509509607,0.521133,107.7703094,114.7731781,0.0899175452610808,0.0051426471676255,TRUE,16.2068354783013
miam.usa7306,Miami,usa7306,USA,30068.23092,25.767,-80.2,Am,A,Am,North America,16.4,44722.975,24.5981057962456,17.3333333333333,0.399004205,0.430632245,2105.535156,2147.19043,0.00653239374150372,0.00013403508854319,TRUE,9.35120732972439
mlwk.usa7306,milwauke,usa7306,USA,30068.23092,43.017,-87.95,Dfb,D,Df,North America,12.56,54364.905,8.9439389058893,43.7777777777778,0.482287523,0.488107477,510.0213623,545.0373535,0.00282915145208439,6.0861758963599e-05,TRUE,13.2211534256217
mmph.usa7306,memphis,usa7306,USA,30068.23092,35.056,-89.987,Cfa,C,Cf,North America,10.04,47911.92,17.0922451280399,36.1016666666667,0.480525362,0.510905272,228.5657349,244.4508667,0.0198801674725838,0.000110791695554636,TRUE,13.4161724202061
mnnp.usa7306,minneap,usa7306,USA,30068.23092,44.983,-93.3,Dfa,D,Df,North America,9.72,59371.1,7.91606717846853,49.5461111111111,0.49931182,0.515649926,787.0861816,841.0752563,0.022641319317576,0.000116073917137467,TRUE,11.0309121292517
nshv.usa7306,nashv,usa7306,USA,30068.23092,36.167,-86.783,Cfa,C,Cf,North America,10.46,56294.98,15.3010504464845,36.2683333333333,0.481966817,0.486570523,135.7170105,141.34758,0.00629119521422424,0.00018784606938313,TRUE,13.949416986644
nwor.usa7306,NewOrleans,usa7306,USA,30068.23092,29.951,-90.072,Cfa,C,Cf,North America,11.37,56937.695,20.9666809839557,27.5555555555556,0.42017432,0.432374335,349.5267639,357.408783,-0.0119032049546882,8.91552330316534e-05,TRUE,12.6768235859967
nwyr.usa7306,NewYork,usa7306,USA,30068.23092,40.7,-74,Cfa,C,Cf,North America,12.41,67702.47,10.2621955584188,34.435,0.493705226,0.493904612,3508.587402,3678.075928,0.0165135674110722,7.18092625874209e-06,TRUE,14.5286594453134
oklh.usa7306,Oklahoma,usa7306,USA,30068.23092,35.467,-97.5,Cfa,C,Cf,North America,11.37,44577.705,15.6373722732235,39.4444444444444,0.455617282,0.461538982,351.9694519,381.6270752,-0.0290637390599858,0.000541649581890413,TRUE,9.56406669239834
omah.usa7306,Omaha,usa7306,USA,30068.23092,41.267,-95.933,Dfa,D,Df,North America,10.95,52623.78,10.5443263363218,46.8888888888889,0.468307302,0.503718399,254.5670471,270.3729858,0.0078394771846941,0.000195774418425457,TRUE,10.2363401138097
orln.usa7306,Orlando,usa7306,USA,30068.23092,28.545,-81.333,Cfa,C,Cf,North America,12.35,47691.205,22.1309121168197,22,0.461342068,0.493299963,547.9423828,589.9866943,0.0130554195953485,0.000103001564713206,TRUE,10.0152600762639
phnx.usa7306,Phoenix,usa7306,USA,30068.23092,33.45,-112.083,BWh,B,BW,North America,11.67,47691.32,23.6517453670148,30.3244444444444,0.285597635,0.251292059,1561.336304,1674.677002,0.0108984548204277,9.71417092697617e-05,TRUE,11.2331679141236
pnsc.usa7306,Pensacola,usa7306,USA,30068.23092,30.417,-87.217,Cfa,C,Cf,North America,12.74,37657.3333333333,19.8889783719453,27.4911111111111,0.476899409,0.49807798,145.380722,155.2352448,-0.010991468143693,0.00105935580182896,TRUE,12.2230728862826
pror.usa7306,PortlandOR,usa7306,USA,30068.23092,45.512,-122.659,Csb,C,Cs,North America,10.33,56704.71,12.1033938190083,26.4444444444444,0.460221853,0.490659077,621.9000244,660.3669434,0.0175010625081577,0.000160235204373237,TRUE,9.07824468491378
prov.usa7306,Provo,usa7306,USA,30068.23092,40.234,-111.659,Dfa,D,Df,North America,3.95,39476.3333333333,10.8119804368919,39.7372222222222,0.440756491,0.421691289,87.42388153,89.23719788,-0.0164438125075804,0.000309044623131795,TRUE,9.41089287887742
prta.usa7306,PortArthur,usa7306,USA,30068.23092,29.885,-93.94,Cfa,C,Cf,North America,13.6,44974.6666666667,20.1614054866592,27.0922222222222,0.480274485,0.481450646,95.02896881,98.73648071,0.0384993021971882,0.000378659942020381,TRUE,11.3339229951838
prvd.usa7306,Providence,usa7306,USA,30068.23092,41.833,-71.417,Cfa,C,Cf,North America,14.78,44354.685,10.7360909790448,37.6572222222222,0.50082499,0.518440572,248.9002686,253.382019,0.0229835472716414,5.39705844680004e-05,TRUE,10.9876317882841
ptts.usa7306,pittsb,usa7306,USA,30068.23092,40.433,-80,Cfa,C,Cf,North America,17.81,63152.345,11.2122411911025,39.0461111111111,0.524119761,0.541747757,286.5583191,301.7696228,0.0146134453412598,1.83189012248922e-05,TRUE,15.6112630304275
rchm.usa7306,Richmond,usa7306,USA,30068.23092,37.541,-77.436,Cfa,C,Cf,North America,12.71,73524.875,14.6474159374385,34.4444444444444,0.472373071,0.482381644,92.16454315,96.87662506,0.0122991694816961,0.000105251340707194,TRUE,13.8198981562835
rlgh.usa7306,raleigh,usa7306,USA,30068.23092,35.783,-78.617,Cfa,C,Cf,North America,7.95,52985.145,15.3031083910453,32.7777777777778,0.521745411,0.550137388,94.29154968,106.0158539,0.0177139768895227,0.000175142010944343,TRUE,14.3086850426523
scrm.usa7306,Sacramento,usa7306,USA,30068.23092,38.556,-121.417,Csa,C,Cs,North America,11.33,44379.3,15.6647339882966,25.3333333333333,0.384214016,0.376331851,509.4214783,562.8466187,0.00907151287248858,3.48992978932807e-05,TRUE,12.6721037540001
scrn.usa7306,Scranton,usa7306,USA,30068.23092,41.4,-75.667,Dfb,D,Df,North America,18.89,41271.3333333333,9.86476349052888,39.0433333333333,0.465622527,0.492101061,38.52556229,39.61164474,0.0194624192505061,5.81496371947784e-05,TRUE,12.0064310082722
sdig.usa7306,sdiego,usa7306,USA,30068.23092,32.816,-117.14,BSk,B,BS,North America,11.13,54256.185,17.7709015586693,17.2683333333333,0.294383148,0.272433307,1096.079346,1160.308838,0.00645617325783198,2.3985503225188e-05,TRUE,13.0456376530293
sltl.usa7306,SaltLake,usa7306,USA,30068.23092,40.767,-111.9,Dfb,D,Df,North America,7.96,57147.925,11.5636307510603,38.6111111111111,0.423711253,0.399214372,363.967926,375.0001221,0.00567662260401634,5.63143376071703e-05,TRUE,11.2771872574304
snjs.usa7306,San Jose,usa7306,USA,30068.23092,37.333,-121.817,Csb,C,Cs,North America,11.17,47585.3333333333,16.9852454322578,22.1111111111111,0.321115869,0.306727058,1288.983154,1307.057861,-0.00136791961290794,4.24919750268076e-05,TRUE,13.7549459202407
sntn.usa7306,santonio,usa7306,USA,30068.23092,29.45,-98.467,Cfa,C,Cf,North America,10.8,37284.685,20.9049945419731,29.6111111111111,0.439878417,0.456472904,490.7929382,539.9448242,-0.00408339785252669,0.000289275533357568,TRUE,9.75279878825381
spkn.usa7306,Spokane,usa7306,USA,30068.23092,47.683,-117.321,Csb,C,Cs,North America,12.46,47485.3333333333,9.55356919167517,36.435,0.380784313,0.389840466,112.011528,115.422287,-0.00497036071317852,0.000422842126437982,TRUE,9.08831203449082
spma.usa7306,SpringfieldMA,usa7306,USA,30068.23092,42.2,-72.533,Dfb,D,Df,North America,13.76,53721.3333333333,10.5149200980655,40.3794444444444,0.504736549,0.499681101,98.3056488,99.78312683,0.0178628442244368,0.000222002140530322,TRUE,12.1086172690985
sttc.usa7306,StateCollege,usa7306,USA,30068.23092,40.793,-77.86,Dfb,D,Df,North America,16.5,41271.3333333333,9.75674056051185,39.2222222222222,0.506920474,0.520755055,7.441854954,8.282056808,0.028020904820744,0.000697266567905958,TRUE,12.8599198396794
sttl.usa7306,Seattle,usa7306,USA,30068.23092,47.6,-122.333,Csb,C,Cs,North America,10.12,78443.85,11.1067357420232,22.1016666666667,0.47962935,0.508359878,1090.350464,1158.288696,0.00311669111631976,6.62900169146884e-05,TRUE,9.39232215581301
tamp.usa7306,Tampa,usa7306,USA,30068.23092,27.95,-82.45,Cfa,C,Cf,North America,11.96,51812.705,22.3704792326551,21.9444444444444,0.460661596,0.486132762,1152.677734,1175.322021,0.0147426117715089,0.000134147225159505,TRUE,11.5750842832704
tcsn.usa7306,tucson,usa7306,USA,30068.23092,32.183,-110.917,BSh,B,BS,North America,14.16,33109.95,20.5419060145667,29.2127777777778,0.226680141,0.196484868,276.2008667,289.3482056,-0.0321183715097353,0.00104604888427674,TRUE,6.60066422764635
told.usa7306,Toledo,usa7306,USA,30068.23092,41.733,-83.65,Dfa,D,Df,North America,13.04,46146.355,10.3415606377839,41.3888888888889,0.435905537,0.486811228,141.4785919,145.6971283,0.00388704927991213,0.000129943927435162,TRUE,14.7156338590805
tuls.usa7306,Tulsa,usa7306,USA,30068.23092,36.199,-95.887,Cfa,C,Cf,North America,12.12,46715.52,15.934123405093,40.7777777777778,0.456484869,0.470490326,266.4926147,284.9176636,0.000562102741473862,0.00045497333582306,TRUE,10.8616457961264
wnst.usa7306,Winston,usa7306,USA,30068.23092,36.1,-80.244,Cfa,C,Cf,North America,13.44,42208.3333333333,15.4970383493495,33.3333333333333,0.509437482,0.555184886,48.95675659,50.40557861,0.00189693436992197,0.000204472145355789,TRUE,14.6226046855188
wrcs.usa7306,Worcester,usa7306,USA,30068.23092,42.267,-71.867,Dfb,D,Df,North America,13.34,58867.3333333333,8.55117571267515,38.7683333333333,0.573029483,0.588123329,79.04423523,84.08383942,0.0196274921191381,0.000287403268650962,TRUE,11.2264537139824
wsdc.usa7306,WDC,usa7306,USA,30068.23092,38.9,-77.05,Cfa,C,Cf,North America,9.05,72136.31,14.5024561120953,35.6666666666667,0.513594413,0.533266804,843.9207764,933.114624,0.0312900097087995,7.24913877648125e-05,TRUE,14.9403892758484
yngs.usa7306,Youngstown,usa7306,USA,30068.23092,40.962,-80.677,Dfb,D,Df,North America,14.65,38972,9.58475599935577,39.7777777777778,0.52720528,0.5515309,83.86376953,85.43409729,0.016821743655879,0.00012082415172908,TRUE,15.3381032363119
